provinces,country,confirmedCount,suspectedCount,curedCount,deadCount,updateTime
河南省,中国,1231,0.0,440,13,2020-02-16
河南省,中国,1212,0.0,391,13,2020-02-15
河南省,中国,1184,0.0,357,11,2020-02-14
河南省,中国,1169,0.0,296,10,2020-02-13
河南省,中国,1135,0.0,246,8,2020-02-12
河南省,中国,1105,0.0,218,7,2020-02-11
河南省,中国,1073,0.0,191,6,2020-02-10
河南省,中国,1033,0.0,153,6,2020-02-09
河南省,中国,981,0.0,116,4,2020-02-08
河南省,中国,914,0.0,86,3,2020-02-07
河南省,中国,851,0.0,56,2,2020-02-06
河南省,中国,764,0.0,47,2,2020-02-05
河南省,中国,675,2.0,27,2,2020-02-04
河南省,中国,566,0.0,16,2,2020-02-03
河南省,中国,493,0.0,10,2,2020-02-02
河南省,中国,422,0.0,3,2,2020-02-01
河南省,中国,352,0.0,3,2,2020-01-31
河南省,中国,278,0.0,2,2,2020-01-30
河南省,中国,206,0.0,1,2,2020-01-29
河南省,中国,168,0.0,0,1,2020-01-28
河南省,中国,128,0.0,0,1,2020-01-27
河南省,中国,83,0.0,0,1,2020-01-26
河南省,中国,32,0.0,0,0,2020-01-25
河南省,中国,9,0.0,0,0,2020-01-24
河南省,中国,5,0.0,0,0,2020-01-23
河南省,中国,5,0.0,0,0,2020-01-22
河南省,中国,1,0.0,0,0,2020-01-21
黑龙江省,中国,445,0.0,79,11,2020-02-16
黑龙江省,中国,425,0.0,68,11,2020-02-15
黑龙江省,中国,419,0.0,47,11,2020-02-14
黑龙江省,中国,395,0.0,33,9,2020-02-13
黑龙江省,中国,378,0.0,31,8,2020-02-12
黑龙江省,中国,360,0.0,28,8,2020-02-11
黑龙江省,中国,331,0.0,30,7,2020-02-10
黑龙江省,中国,307,0.0,14,6,2020-02-09
黑龙江省,中国,295,0.0,13,5,2020-02-08
黑龙江省,中国,277,0.0,12,3,2020-02-07
黑龙江省,中国,227,0.0,8,3,2020-02-06
黑龙江省,中国,190,0.0,7,2,2020-02-05
黑龙江省,中国,155,0.0,4,2,2020-02-04
黑龙江省,中国,121,0.0,2,2,2020-02-03
黑龙江省,中国,95,0.0,2,2,2020-02-02
黑龙江省,中国,80,0.0,2,2,2020-02-01
黑龙江省,中国,59,0.0,0,2,2020-01-31
黑龙江省,中国,44,0.0,0,2,2020-01-30
黑龙江省,中国,38,0.0,0,1,2020-01-29
黑龙江省,中国,33,0.0,0,1,2020-01-28
黑龙江省,中国,21,0.0,0,1,2020-01-27
黑龙江省,中国,16,0.0,0,1,2020-01-26
黑龙江省,中国,9,0.0,0,1,2020-01-25
黑龙江省,中国,4,0.0,0,1,2020-01-24
黑龙江省,中国,2,0.0,0,0,2020-01-23
黑龙江省,中国,0,1.0,0,0,2020-01-21
陕西省,中国,236,0.0,71,0,2020-02-16
陕西省,中国,232,0.0,60,0,2020-02-15
陕西省,中国,230,0.0,54,0,2020-02-14
陕西省,中国,229,0.0,46,0,2020-02-13
陕西省,中国,225,0.0,43,0,2020-02-12
陕西省,中国,219,0.0,32,0,2020-02-11
陕西省,中国,213,0.0,30,0,2020-02-10
陕西省,中国,208,0.0,25,0,2020-02-09
陕西省,中国,195,0.0,20,0,2020-02-08
陕西省,中国,184,0.0,17,0,2020-02-07
陕西省,中国,173,0.0,9,0,2020-02-06
陕西省,中国,165,0.0,6,0,2020-02-05
陕西省,中国,142,0.0,2,0,2020-02-04
陕西省,中国,128,0.0,0,0,2020-02-03
陕西省,中国,116,0.0,0,0,2020-02-02
陕西省,中国,101,0.0,0,0,2020-02-01
陕西省,中国,87,0.0,0,0,2020-01-31
陕西省,中国,63,0.0,0,0,2020-01-30
陕西省,中国,56,0.0,0,0,2020-01-29
陕西省,中国,46,0.0,0,0,2020-01-28
陕西省,中国,35,0.0,0,0,2020-01-27
陕西省,中国,22,0.0,0,0,2020-01-26
陕西省,中国,15,0.0,0,0,2020-01-25
陕西省,中国,5,0.0,0,0,2020-01-24
陕西省,中国,3,0.0,0,0,2020-01-23
甘肃省,中国,90,0.0,54,2,2020-02-16
甘肃省,中国,90,0.0,49,2,2020-02-15
甘肃省,中国,90,0.0,39,2,2020-02-13
甘肃省,中国,87,0.0,31,2,2020-02-12
甘肃省,中国,86,0.0,24,2,2020-02-11
甘肃省,中国,83,0.0,17,2,2020-02-10
甘肃省,中国,83,0.0,16,2,2020-02-09
甘肃省,中国,79,0.0,12,1,2020-02-08
甘肃省,中国,67,0.0,9,0,2020-02-07
甘肃省,中国,62,0.0,6,0,2020-02-05
甘肃省,中国,57,0.0,4,0,2020-02-04
甘肃省,中国,55,0.0,3,0,2020-02-03
甘肃省,中国,40,0.0,3,0,2020-02-02
甘肃省,中国,40,0.0,0,0,2020-02-01
甘肃省,中国,35,0.0,0,0,2020-01-31
甘肃省,中国,29,0.0,0,0,2020-01-30
甘肃省,中国,24,0.0,0,0,2020-01-29
甘肃省,中国,19,0.0,0,0,2020-01-28
甘肃省,中国,14,0.0,0,0,2020-01-27
甘肃省,中国,7,0.0,0,0,2020-01-26
甘肃省,中国,4,0.0,0,0,2020-01-25
甘肃省,中国,4,0.0,0,0,2020-01-24
甘肃省,中国,2,0.0,0,0,2020-01-23
山西省,中国,128,0.0,49,0,2020-02-16
山西省,中国,127,0.0,42,0,2020-02-15
山西省,中国,127,0.0,38,0,2020-02-14
山西省,中国,126,0.0,36,0,2020-02-13
山西省,中国,126,0.0,33,0,2020-02-12
山西省,中国,124,0.0,30,0,2020-02-11
山西省,中国,119,0.0,25,0,2020-02-09
山西省,中国,115,71.0,21,0,2020-02-08
山西省,中国,104,0.0,15,0,2020-02-07
山西省,中国,96,0.0,12,0,2020-02-06
山西省,中国,81,0.0,5,0,2020-02-05
山西省,中国,81,0.0,4,0,2020-02-04
山西省,中国,74,0.0,2,0,2020-02-03
山西省,中国,56,0.0,2,0,2020-02-02
山西省,中国,56,0.0,1,0,2020-02-01
山西省,中国,47,0.0,1,0,2020-01-31
山西省,中国,39,0.0,1,0,2020-01-30
山西省,中国,35,0.0,1,0,2020-01-29
山西省,中国,27,0.0,0,0,2020-01-28
山西省,中国,13,0.0,0,0,2020-01-26
山西省,中国,6,0.0,0,0,2020-01-25
山西省,中国,6,0.0,0,0,2020-01-24
山西省,中国,1,0.0,0,0,2020-01-23
山西省,中国,1,0.0,0,0,2020-01-22
湖南省,中国,1004,0.0,464,3,2020-02-16
湖南省,中国,1001,0.0,425,2,2020-02-15
湖南省,中国,988,0.0,364,2,2020-02-14
湖南省,中国,968,0.0,339,2,2020-02-13
湖南省,中国,946,0.0,304,2,2020-02-12
湖南省,中国,912,0.0,247,1,2020-02-11
湖南省,中国,879,0.0,208,1,2020-02-10
湖南省,中国,838,0.0,186,1,2020-02-09
湖南省,中国,803,0.0,156,1,2020-02-08
湖南省,中国,772,0.0,112,0,2020-02-07
湖南省,中国,711,0.0,81,0,2020-02-06
湖南省,中国,661,0.0,54,0,2020-02-05
湖南省,中国,593,0.0,31,0,2020-02-04
湖南省,中国,521,0.0,22,0,2020-02-03
湖南省,中国,463,0.0,16,0,2020-02-02
湖南省,中国,389,0.0,8,0,2020-02-01
湖南省,中国,332,0.0,2,0,2020-01-31
湖南省,中国,277,0.0,2,0,2020-01-30
湖南省,中国,221,0.0,0,0,2020-01-29
湖南省,中国,143,0.0,0,0,2020-01-28
湖南省,中国,100,0.0,0,0,2020-01-27
湖南省,中国,69,0.0,0,0,2020-01-26
湖南省,中国,43,0.0,0,0,2020-01-25
湖南省,中国,24,0.0,0,0,2020-01-24
湖南省,中国,9,0.0,0,0,2020-01-23
湖南省,中国,4,0.0,0,0,2020-01-22
湖南省,中国,1,0.0,0,0,2020-01-21
天津市,中国,124,0.0,45,3,2020-02-16
天津市,中国,122,0.0,37,3,2020-02-15
天津市,中国,120,0.0,31,3,2020-02-14
天津市,中国,119,0.0,21,3,2020-02-13
天津市,中国,112,0.0,11,2,2020-02-12
天津市,中国,106,0.0,10,2,2020-02-11
天津市,中国,95,0.0,8,1,2020-02-10
天津市,中国,91,0.0,4,1,2020-02-09
天津市,中国,88,0.0,4,1,2020-02-08
天津市,中国,81,0.0,2,1,2020-02-07
天津市,中国,79,0.0,2,1,2020-02-06
天津市,中国,69,0.0,2,1,2020-02-05
天津市,中国,67,0.0,2,0,2020-02-04
天津市,中国,60,0.0,1,0,2020-02-03
天津市,中国,48,0.0,1,0,2020-02-02
天津市,中国,41,0.0,0,0,2020-02-01
天津市,中国,32,0.0,0,0,2020-01-31
天津市,中国,31,0.0,0,0,2020-01-30
天津市,中国,27,0.0,0,0,2020-01-29
天津市,中国,24,0.0,0,0,2020-01-28
天津市,中国,23,0.0,0,0,2020-01-27
天津市,中国,14,0.0,0,0,2020-01-26
天津市,中国,10,0.0,0,0,2020-01-25
天津市,中国,8,0.0,0,0,2020-01-24
天津市,中国,5,0.0,0,0,2020-01-23
天津市,中国,4,0.0,0,0,2020-01-22
天津市,中国,2,0.0,0,0,2020-01-21
广东省,中国,1316,0.0,465,2,2020-02-16
广东省,中国,1294,0.0,410,2,2020-02-15
广东省,中国,1261,0.0,362,2,2020-02-14
广东省,中国,1241,0.0,314,2,2020-02-13
广东省,中国,1219,0.0,275,1,2020-02-12
广东省,中国,1177,0.0,212,1,2020-02-11
广东省,中国,1159,0.0,167,1,2020-02-10
广东省,中国,1131,0.0,141,1,2020-02-09
广东省,中国,1095,0.0,112,1,2020-02-08
广东省,中国,1034,0.0,88,1,2020-02-07
广东省,中国,970,0.0,69,0,2020-02-06
广东省,中国,895,0.0,49,0,2020-02-05
广东省,中国,813,0.0,30,0,2020-02-04
广东省,中国,725,0.0,21,0,2020-02-03
广东省,中国,632,0.0,15,0,2020-02-02
广东省,中国,535,0.0,14,0,2020-02-01
广东省,中国,436,0.0,11,0,2020-01-31
广东省,中国,354,0.0,10,0,2020-01-30
广东省,中国,277,0.0,5,0,2020-01-29
广东省,中国,207,0.0,4,0,2020-01-28
广东省,中国,151,0.0,4,0,2020-01-27
广东省,中国,111,0.0,2,0,2020-01-26
广东省,中国,78,0.0,2,0,2020-01-25
广东省,中国,53,0.0,2,0,2020-01-24
广东省,中国,32,0.0,0,0,2020-01-23
广东省,中国,26,1.0,0,0,2020-01-22
广东省,中国,17,4.0,0,0,2020-01-21
山东省,中国,537,0.0,173,2,2020-02-16
山东省,中国,532,0.0,156,2,2020-02-15
山东省,中国,523,0.0,136,2,2020-02-14
山东省,中国,509,0.0,105,2,2020-02-13
山东省,中国,497,0.0,92,2,2020-02-12
山东省,中国,487,0.0,80,1,2020-02-11
山东省,中国,466,0.0,66,1,2020-02-10
山东省,中国,444,0.0,63,1,2020-02-09
山东省,中国,416,0.0,44,0,2020-02-08
山东省,中国,386,0.0,37,0,2020-02-07
山东省,中国,347,0.0,27,0,2020-02-06
山东省,中国,307,0.0,15,0,2020-02-05
山东省,中国,275,0.0,11,0,2020-02-04
山东省,中国,259,0.0,7,0,2020-02-03
山东省,中国,230,0.0,6,0,2020-02-02
山东省,中国,206,0.0,3,0,2020-02-01
山东省,中国,184,0.0,2,0,2020-01-31
山东省,中国,158,0.0,1,0,2020-01-30
山东省,中国,130,0.0,1,0,2020-01-29
山东省,中国,95,0.0,0,0,2020-01-28
山东省,中国,75,0.0,1,0,2020-01-27
山东省,中国,46,0.0,0,0,2020-01-26
山东省,中国,27,0.0,0,0,2020-01-25
山东省,中国,15,0.0,0,0,2020-01-24
山东省,中国,6,0.0,0,0,2020-01-23
山东省,中国,2,0.0,0,0,2020-01-22
山东省,中国,1,0.0,0,0,2020-01-21
福建省,中国,287,0.0,82,0,2020-02-16
福建省,中国,285,0.0,71,0,2020-02-15
福建省,中国,281,0.0,63,0,2020-02-14
福建省,中国,279,0.0,57,0,2020-02-13
福建省,中国,272,0.0,53,0,2020-02-12
福建省,中国,267,0.0,45,0,2020-02-11
福建省,中国,261,0.0,39,0,2020-02-10
福建省,中国,250,0.0,35,0,2020-02-09
福建省,中国,239,0.0,24,0,2020-02-08
福建省,中国,224,0.0,20,0,2020-02-07
福建省,中国,215,0.0,14,0,2020-02-06
福建省,中国,205,0.0,11,0,2020-02-05
福建省,中国,194,0.0,3,0,2020-02-04
福建省,中国,179,0.0,1,0,2020-02-03
福建省,中国,159,0.0,0,0,2020-02-02
福建省,中国,144,0.0,0,0,2020-02-01
福建省,中国,120,0.0,0,0,2020-01-31
福建省,中国,101,0.0,0,0,2020-01-30
福建省,中国,84,0.0,0,0,2020-01-29
福建省,中国,80,0.0,0,0,2020-01-28
福建省,中国,59,0.0,0,0,2020-01-27
福建省,中国,35,0.0,0,0,2020-01-26
福建省,中国,18,20.0,0,0,2020-01-25
福建省,中国,10,2.0,0,0,2020-01-24
福建省,中国,5,0.0,0,0,2020-01-23
福建省,中国,1,0.0,0,0,2020-01-22
河北省,中国,300,0.0,105,3,2020-02-16
河北省,中国,291,0.0,101,3,2020-02-15
河北省,中国,283,0.0,87,3,2020-02-14
河北省,中国,265,0.0,68,3,2020-02-13
河北省,中国,251,0.0,54,2,2020-02-12
河北省,中国,251,0.0,48,2,2020-02-11
河北省,中国,218,0.0,41,2,2020-02-10
河北省,中国,206,0.0,34,2,2020-02-09
河北省,中国,195,0.0,30,1,2020-02-08
河北省,中国,172,0.0,22,1,2020-02-07
河北省,中国,157,0.0,13,1,2020-02-06
河北省,中国,135,0.0,6,1,2020-02-05
河北省,中国,126,0.0,4,1,2020-02-04
河北省,中国,113,0.0,3,1,2020-02-03
河北省,中国,104,1.0,3,1,2020-02-02
河北省,中国,96,0.0,0,1,2020-02-01
河北省,中国,82,0.0,0,1,2020-01-31
河北省,中国,65,0.0,0,1,2020-01-30
河北省,中国,48,0.0,0,1,2020-01-29
河北省,中国,33,0.0,0,1,2020-01-28
河北省,中国,18,0.0,0,1,2020-01-27
河北省,中国,13,0.0,0,1,2020-01-26
河北省,中国,8,0.0,0,1,2020-01-25
河北省,中国,2,0.0,0,1,2020-01-24
河北省,中国,1,0.0,0,1,2020-01-23
河北省,中国,1,0.0,0,0,2020-01-22
广西壮族自治区,中国,237,0.0,49,2,2020-02-16
广西壮族自治区,中国,235,0.0,44,2,2020-02-15
广西壮族自治区,中国,226,0.0,36,2,2020-02-14
广西壮族自治区,中国,222,0.0,33,2,2020-02-13
广西壮族自治区,中国,222,0.0,32,1,2020-02-12
广西壮族自治区,中国,215,0.0,33,1,2020-02-11
广西壮族自治区,中国,210,0.0,24,1,2020-02-10
广西壮族自治区,中国,195,0.0,18,1,2020-02-09
广西壮族自治区,中国,183,0.0,17,0,2020-02-08
广西壮族自治区,中国,172,0.0,17,0,2020-02-07
广西壮族自治区,中国,168,0.0,14,0,2020-02-06
广西壮族自治区,中国,150,0.0,13,0,2020-02-05
广西壮族自治区,中国,139,0.0,10,0,2020-02-04
广西壮族自治区,中国,127,0.0,7,0,2020-02-03
广西壮族自治区,中国,111,0.0,2,0,2020-02-02
广西壮族自治区,中国,100,0.0,2,0,2020-02-01
广西壮族自治区,中国,87,0.0,2,0,2020-01-31
广西壮族自治区,中国,78,0.0,2,0,2020-01-30
广西壮族自治区,中国,58,0.0,2,0,2020-01-29
广西壮族自治区,中国,51,0.0,2,0,2020-01-28
广西壮族自治区,中国,46,0.0,0,0,2020-01-27
广西壮族自治区,中国,36,0.0,0,0,2020-01-26
广西壮族自治区,中国,23,0.0,0,0,2020-01-24
广西壮族自治区,中国,5,0.0,0,0,2020-01-23
广西壮族自治区,中国,2,1.0,0,0,2020-01-22
广西壮族自治区,中国,0,1.0,0,0,2020-01-21
海南省,中国,162,0.0,52,4,2020-02-16
海南省,中国,162,0.0,39,4,2020-02-15
海南省,中国,159,0.0,43,4,2020-02-14
海南省,中国,157,0.0,30,4,2020-02-13
海南省,中国,157,0.0,27,4,2020-02-12
海南省,中国,144,0.0,20,3,2020-02-11
海南省,中国,138,0.0,19,3,2020-02-10
海南省,中国,131,0.0,19,3,2020-02-09
海南省,中国,124,0.0,14,2,2020-02-08
海南省,中国,117,0.0,10,2,2020-02-07
海南省,中国,106,0.0,8,1,2020-02-06
海南省,中国,99,0.0,5,1,2020-02-05
海南省,中国,80,0.0,5,1,2020-02-04
海南省,中国,72,0.0,4,1,2020-02-03
海南省,中国,64,0.0,4,1,2020-02-02
海南省,中国,62,0.0,1,1,2020-02-01
海南省,中国,53,0.0,1,1,2020-01-31
海南省,中国,46,0.0,1,1,2020-01-30
海南省,中国,43,0.0,0,1,2020-01-29
海南省,中国,40,0.0,0,1,2020-01-28
海南省,中国,33,0.0,0,1,2020-01-27
海南省,中国,22,0.0,0,0,2020-01-26
海南省,中国,19,0.0,0,0,2020-01-25
海南省,中国,8,0.0,0,0,2020-01-24
海南省,中国,5,0.0,0,0,2020-01-23
海南省,中国,4,0.0,0,0,2020-01-22
海南省,中国,0,1.0,0,0,2020-01-21
辽宁省,中国,121,0.0,40,1,2020-02-16
辽宁省,中国,119,0.0,31,1,2020-02-15
辽宁省,中国,119,0.0,29,1,2020-02-14
辽宁省,中国,117,0.0,22,1,2020-02-13
辽宁省,中国,116,0.0,20,1,2020-02-12
辽宁省,中国,111,0.0,19,0,2020-02-11
辽宁省,中国,108,0.0,13,0,2020-02-10
辽宁省,中国,107,0.0,12,0,2020-02-09
辽宁省,中国,105,0.0,8,0,2020-02-08
辽宁省,中国,99,0.0,7,0,2020-02-07
辽宁省,中国,94,0.0,5,0,2020-02-06
辽宁省,中国,89,0.0,4,0,2020-02-05
辽宁省,中国,81,0.0,2,0,2020-02-04
辽宁省,中国,74,0.0,1,0,2020-02-03
辽宁省,中国,70,0.0,1,0,2020-02-02
辽宁省,中国,64,0.0,1,0,2020-02-01
辽宁省,中国,60,0.0,1,0,2020-01-31
辽宁省,中国,41,0.0,1,0,2020-01-30
辽宁省,中国,39,0.0,1,0,2020-01-29
辽宁省,中国,34,0.0,0,0,2020-01-28
辽宁省,中国,27,0.0,0,0,2020-01-27
辽宁省,中国,22,0.0,0,0,2020-01-26
辽宁省,中国,17,0.0,0,0,2020-01-25
辽宁省,中国,12,0.0,0,0,2020-01-24
辽宁省,中国,3,0.0,0,0,2020-01-23
辽宁省,中国,2,0.0,0,0,2020-01-22
辽宁省,中国,0,1.0,0,0,2020-01-21
澳门,中国,10,0.0,5,0,2020-02-16
澳门,中国,10,0.0,3,0,2020-02-13
澳门,中国,10,0.0,2,0,2020-02-12
澳门,中国,10,0.0,1,0,2020-02-06
澳门,中国,10,0.0,0,0,2020-02-04
澳门,中国,8,0.0,0,0,2020-02-02
澳门,中国,7,0.0,0,0,2020-01-28
澳门,中国,6,0.0,0,0,2020-01-26
澳门,中国,2,0.0,0,0,2020-01-23
澳门,中国,1,0.0,0,0,2020-01-22
湖北省,中国,56249,0.0,5666,1596,2020-02-16
湖北省,中国,54406,0.0,4821,1457,2020-02-15
湖北省,中国,54406,0.0,4774,1457,2020-02-14
湖北省,中国,48206,0.0,3459,1310,2020-02-13
湖北省,中国,48206,0.0,3441,1310,2020-02-12
湖北省,中国,33366,0.0,2639,1068,2020-02-11
湖北省,中国,31728,0.0,2222,974,2020-02-10
湖北省,中国,29631,0.0,1795,871,2020-02-09
湖北省,中国,27100,23638.0,1439,780,2020-02-08
湖北省,中国,24953,0.0,1115,699,2020-02-07
湖北省,中国,22112,0.0,817,618,2020-02-06
湖北省,中国,19665,0.0,633,549,2020-02-05
湖北省,中国,16678,0.0,522,479,2020-02-04
湖北省,中国,13522,0.0,386,414,2020-02-03
湖北省,中国,9074,0.0,267,294,2020-02-02
湖北省,中国,9074,0.0,215,294,2020-02-01
湖北省,中国,5806,0.0,141,204,2020-01-31
湖北省,中国,5806,0.0,116,204,2020-01-30
湖北省,中国,4586,0.0,90,162,2020-01-29
湖北省,中国,3554,0.0,80,125,2020-01-28
湖北省,中国,1423,0.0,47,76,2020-01-27
湖北省,中国,1423,0.0,44,76,2020-01-26
湖北省,中国,761,0.0,32,40,2020-01-25
湖北省,中国,729,0.0,32,39,2020-01-24
湖北省,中国,444,0.0,0,0,2020-01-23
湖北省,中国,444,,28,17,2020-01-22
湖北省,中国,270,11.0,25,6,2020-01-21
台湾,中国,20,0.0,2,1,2020-02-16
台湾,中国,18,0.0,2,0,2020-02-14
台湾,中国,18,0.0,1,0,2020-02-12
台湾,中国,18,0.0,1,0,2020-02-09
台湾,中国,17,0.0,1,0,2020-02-08
台湾,中国,16,0.0,1,0,2020-02-06
台湾,中国,11,0.0,0,0,2020-02-04
台湾,中国,10,0.0,0,0,2020-01-31
台湾,中国,9,0.0,0,0,2020-01-30
台湾,中国,8,0.0,0,0,2020-01-28
台湾,中国,5,0.0,0,0,2020-01-27
台湾,中国,4,0.0,0,0,2020-01-26
台湾,中国,3,0.0,0,0,2020-01-24
台湾,中国,1,0.0,0,0,2020-01-23
台湾,中国,1,0.0,0,0,2020-01-21
江西省,中国,925,0.0,240,1,2020-02-16
江西省,中国,913,0.0,210,1,2020-02-15
江西省,中国,900,0.0,187,1,2020-02-14
江西省,中国,872,0.0,170,1,2020-02-13
江西省,中国,844,0.0,152,1,2020-02-12
江西省,中国,804,0.0,128,1,2020-02-11
江西省,中国,771,0.0,105,1,2020-02-10
江西省,中国,740,0.0,74,0,2020-02-09
江西省,中国,698,0.0,55,0,2020-02-08
江西省,中国,661,0.0,45,0,2020-02-07
江西省,中国,600,0.0,37,0,2020-02-06
江西省,中国,548,0.0,27,0,2020-02-05
江西省,中国,476,0.0,20,0,2020-02-04
江西省,中国,391,0.0,18,0,2020-02-03
江西省,中国,333,0.0,12,0,2020-02-02
江西省,中国,286,0.0,9,0,2020-02-01
江西省,中国,240,0.0,7,0,2020-01-31
江西省,中国,162,0.0,5,0,2020-01-30
江西省,中国,162,0.0,3,0,2020-01-29
江西省,中国,109,0.0,3,0,2020-01-28
江西省,中国,72,0.0,2,0,2020-01-27
江西省,中国,48,0.0,0,0,2020-01-26
江西省,中国,18,0.0,0,0,2020-01-24
江西省,中国,7,0.0,0,0,2020-01-23
江西省,中国,2,0.0,0,0,2020-01-22
江西省,中国,0,2.0,0,0,2020-01-21
四川省,中国,481,0.0,131,3,2020-02-16
四川省,中国,470,0.0,119,1,2020-02-15
四川省,中国,463,0.0,114,1,2020-02-14
四川省,中国,451,0.0,104,1,2020-02-13
四川省,中国,436,0.0,92,1,2020-02-12
四川省,中国,417,0.0,85,1,2020-02-11
四川省,中国,405,0.0,80,1,2020-02-10
四川省,中国,386,0.0,71,1,2020-02-09
四川省,中国,364,0.0,60,1,2020-02-08
四川省,中国,344,0.0,42,1,2020-02-07
四川省,中国,321,0.0,31,1,2020-02-06
四川省,中国,301,0.0,24,1,2020-02-05
四川省,中国,282,0.0,14,1,2020-02-04
四川省,中国,254,0.0,14,1,2020-02-03
四川省,中国,231,0.0,11,1,2020-02-02
四川省,中国,207,0.0,3,1,2020-02-01
四川省,中国,177,0.0,1,1,2020-01-31
四川省,中国,142,0.0,1,1,2020-01-30
四川省,中国,108,0.0,1,1,2020-01-29
四川省,中国,90,0.0,0,0,2020-01-28
四川省,中国,69,0.0,0,0,2020-01-27
四川省,中国,44,0.0,0,0,2020-01-26
四川省,中国,28,0.0,0,0,2020-01-25
四川省,中国,15,0.0,0,0,2020-01-24
四川省,中国,8,0.0,0,0,2020-01-23
四川省,中国,5,2.0,0,0,2020-01-22
四川省,中国,1,2.0,0,0,2020-01-21
北京市,中国,380,0.0,108,4,2020-02-16
北京市,中国,375,0.0,98,4,2020-02-15
北京市,中国,372,0.0,80,3,2020-02-14
北京市,中国,366,0.0,69,3,2020-02-13
北京市,中国,352,0.0,56,3,2020-02-12
北京市,中国,342,0.0,48,3,2020-02-11
北京市,中国,337,0.0,44,2,2020-02-10
北京市,中国,326,0.0,37,2,2020-02-09
北京市,中国,315,0.0,34,2,2020-02-08
北京市,中国,297,0.0,33,1,2020-02-07
北京市,中国,274,0.0,31,1,2020-02-06
北京市,中国,253,0.0,24,1,2020-02-05
北京市,中国,228,0.0,23,1,2020-02-04
北京市,中国,212,0.0,12,1,2020-02-03
北京市,中国,191,0.0,9,1,2020-02-02
北京市,中国,168,0.0,9,1,2020-02-01
北京市,中国,139,0.0,5,1,2020-01-31
北京市,中国,121,0.0,5,1,2020-01-30
北京市,中国,111,0.0,4,1,2020-01-29
北京市,中国,91,0.0,4,1,2020-01-28
北京市,中国,80,0.0,2,1,2020-01-27
北京市,中国,68,0.0,2,0,2020-01-26
北京市,中国,41,0.0,2,0,2020-01-25
北京市,中国,36,0.0,1,0,2020-01-24
北京市,中国,26,0.0,0,0,2020-01-23
北京市,中国,14,0.0,0,0,2020-01-22
北京市,中国,10,0.0,0,0,2020-01-21
吉林省,中国,89,0.0,30,1,2020-02-16
吉林省,中国,88,0.0,26,1,2020-02-15
吉林省,中国,86,0.0,25,1,2020-02-14
吉林省,中国,84,0.0,24,1,2020-02-13
吉林省,中国,83,0.0,22,1,2020-02-12
吉林省,中国,81,0.0,18,1,2020-02-11
吉林省,中国,80,0.0,13,1,2020-02-10
吉林省,中国,78,0.0,12,1,2020-02-09
吉林省,中国,69,0.0,4,1,2020-02-08
吉林省,中国,65,0.0,4,1,2020-02-07
吉林省,中国,59,0.0,4,0,2020-02-06
吉林省,中国,54,0.0,2,0,2020-02-05
吉林省,中国,42,0.0,1,0,2020-02-04
吉林省,中国,31,0.0,1,0,2020-02-03
吉林省,中国,23,0.0,1,0,2020-02-02
吉林省,中国,17,0.0,1,0,2020-02-01
吉林省,中国,14,0.0,1,0,2020-01-31
吉林省,中国,14,0.0,1,0,2020-01-30
吉林省,中国,9,0.0,0,0,2020-01-29
吉林省,中国,8,0.0,0,0,2020-01-28
吉林省,中国,6,0.0,0,0,2020-01-27
吉林省,中国,4,0.0,0,0,2020-01-25
吉林省,中国,3,0.0,0,0,2020-01-24
吉林省,中国,1,0.0,0,0,2020-01-23
吉林省,中国,0,1.0,0,0,2020-01-21
香港,中国,57,0.0,2,1,2020-02-16
香港,中国,56,0.0,1,1,2020-02-14
香港,中国,53,0.0,1,1,2020-02-13
香港,中国,50,0.0,1,1,2020-02-12
香港,中国,49,0.0,0,1,2020-02-11
香港,中国,38,0.0,0,1,2020-02-10
香港,中国,36,0.0,0,1,2020-02-09
香港,中国,26,0.0,0,1,2020-02-07
香港,中国,24,0.0,0,1,2020-02-06
香港,中国,21,0.0,0,1,2020-02-05
香港,中国,17,0.0,0,1,2020-02-04
香港,中国,15,0.0,0,0,2020-02-03
香港,中国,14,0.0,0,0,2020-02-02
香港,中国,13,0.0,0,0,2020-02-01
香港,中国,12,0.0,0,0,2020-01-31
香港,中国,10,0.0,0,0,2020-01-29
香港,中国,8,0.0,0,0,2020-01-26
香港,中国,5,0.0,0,0,2020-01-25
香港,中国,2,0.0,0,0,2020-01-23
香港,中国,0,117.0,0,0,2020-01-21
云南省,中国,171,0.0,42,0,2020-02-16
云南省,中国,168,0.0,42,0,2020-02-15
云南省,中国,162,0.0,36,0,2020-02-14
云南省,中国,156,0.0,27,0,2020-02-13
云南省,中国,154,0.0,26,0,2020-02-12
云南省,中国,153,0.0,20,0,2020-02-11
云南省,中国,149,0.0,19,0,2020-02-10
云南省,中国,141,0.0,18,0,2020-02-09
云南省,中国,138,0.0,17,0,2020-02-08
云南省,中国,138,0.0,12,0,2020-02-07
云南省,中国,133,0.0,7,0,2020-02-06
云南省,中国,128,0.0,5,0,2020-02-05
云南省,中国,122,0.0,5,0,2020-02-04
云南省,中国,117,0.0,5,0,2020-02-03
云南省,中国,105,0.0,3,0,2020-02-02
云南省,中国,93,0.0,2,0,2020-02-01
云南省,中国,83,0.0,1,0,2020-01-31
云南省,中国,76,0.0,0,0,2020-01-30
云南省,中国,55,0.0,0,0,2020-01-29
云南省,中国,44,0.0,0,0,2020-01-28
云南省,中国,26,0.0,0,0,2020-01-27
云南省,中国,16,0.0,0,0,2020-01-26
云南省,中国,11,0.0,0,0,2020-01-25
云南省,中国,5,0.0,0,0,2020-01-24
云南省,中国,2,0.0,0,0,2020-01-23
云南省,中国,1,0.0,0,0,2020-01-21
浙江省,中国,1167,0.0,456,0,2020-02-16
浙江省,中国,1162,0.0,428,0,2020-02-15
浙江省,中国,1155,0.0,403,0,2020-02-14
浙江省,中国,1145,0.0,360,0,2020-02-13
浙江省,中国,1131,0.0,321,0,2020-02-12
浙江省,中国,1117,0.0,270,0,2020-02-11
浙江省,中国,1092,0.0,242,0,2020-02-10
浙江省,中国,1075,0.0,201,0,2020-02-09
浙江省,中国,1048,0.0,175,0,2020-02-08
浙江省,中国,1006,0.0,123,0,2020-02-07
浙江省,中国,954,0.0,94,0,2020-02-06
浙江省,中国,895,0.0,78,0,2020-02-05
浙江省,中国,829,0.0,62,0,2020-02-04
浙江省,中国,724,0.0,43,0,2020-02-03
浙江省,中国,661,0.0,32,0,2020-02-02
浙江省,中国,599,0.0,21,0,2020-02-01
浙江省,中国,537,0.0,11,0,2020-01-31
浙江省,中国,428,0.0,4,0,2020-01-30
浙江省,中国,296,0.0,3,0,2020-01-29
浙江省,中国,173,0.0,3,0,2020-01-28
浙江省,中国,128,0.0,1,0,2020-01-27
浙江省,中国,104,0.0,1,0,2020-01-26
浙江省,中国,62,0.0,1,0,2020-01-25
浙江省,中国,43,0.0,1,0,2020-01-24
浙江省,中国,27,0.0,0,0,2020-01-23
浙江省,中国,10,0.0,0,0,2020-01-22
浙江省,中国,5,16.0,0,0,2020-01-21
江苏省,中国,617,0.0,218,0,2020-02-16
江苏省,中国,604,0.0,186,0,2020-02-15
江苏省,中国,593,0.0,157,0,2020-02-14
江苏省,中国,570,0.0,139,0,2020-02-13
江苏省,中国,543,0.0,125,0,2020-02-12
江苏省,中国,515,0.0,93,0,2020-02-11
江苏省,中国,492,0.0,81,0,2020-02-10
江苏省,中国,468,0.0,71,0,2020-02-09
江苏省,中国,439,0.0,51,0,2020-02-08
江苏省,中国,408,0.0,43,0,2020-02-07
江苏省,中国,373,0.0,34,0,2020-02-06
江苏省,中国,341,0.0,23,0,2020-02-05
江苏省,中国,308,0.0,12,0,2020-02-04
江苏省,中国,271,0.0,8,0,2020-02-03
江苏省,中国,236,0.0,7,0,2020-02-02
江苏省,中国,202,0.0,6,0,2020-02-01
江苏省,中国,168,0.0,5,0,2020-01-31
江苏省,中国,129,0.0,1,0,2020-01-30
江苏省,中国,99,0.0,1,0,2020-01-29
江苏省,中国,70,0.0,1,0,2020-01-28
江苏省,中国,47,0.0,1,0,2020-01-27
江苏省,中国,33,0.0,1,0,2020-01-26
江苏省,中国,18,0.0,1,0,2020-01-25
江苏省,中国,9,0.0,0,0,2020-01-24
江苏省,中国,5,0.0,0,0,2020-01-23
江苏省,中国,1,0.0,0,0,2020-01-22
贵州省,中国,144,0.0,46,1,2020-02-16
贵州省,中国,143,0.0,41,1,2020-02-15
贵州省,中国,140,0.0,28,1,2020-02-14
贵州省,中国,135,0.0,27,1,2020-02-13
贵州省,中国,133,0.0,18,1,2020-02-12
贵州省,中国,127,0.0,17,1,2020-02-11
贵州省,中国,109,0.0,10,1,2020-02-10
贵州省,中国,99,0.0,7,1,2020-02-09
贵州省,中国,89,0.0,7,1,2020-02-08
贵州省,中国,81,0.0,6,1,2020-02-07
贵州省,中国,71,0.0,6,1,2020-02-06
贵州省,中国,64,0.0,9,1,2020-02-05
贵州省,中国,58,0.0,2,0,2020-02-04
贵州省,中国,46,0.0,2,0,2020-02-03
贵州省,中国,38,0.0,2,0,2020-02-02
贵州省,中国,29,0.0,2,0,2020-01-31
贵州省,中国,12,0.0,1,0,2020-01-30
贵州省,中国,9,0.0,1,0,2020-01-29
贵州省,中国,9,0.0,0,0,2020-01-28
贵州省,中国,7,0.0,0,0,2020-01-27
贵州省,中国,5,0.0,0,0,2020-01-26
贵州省,中国,4,0.0,0,0,2020-01-25
贵州省,中国,3,0.0,0,0,2020-01-23
贵州省,中国,1,0.0,0,0,2020-01-22
贵州省,中国,0,1.0,0,0,2020-01-21
安徽省,中国,962,0.0,255,6,2020-02-16
安徽省,中国,950,0.0,221,6,2020-02-15
安徽省,中国,934,0.0,193,6,2020-02-14
安徽省,中国,910,0.0,157,5,2020-02-13
安徽省,中国,889,0.0,127,4,2020-02-12
安徽省,中国,860,0.0,105,4,2020-02-11
安徽省,中国,830,0.0,88,3,2020-02-10
安徽省,中国,779,0.0,72,1,2020-02-09
安徽省,中国,733,0.0,59,0,2020-02-08
安徽省,中国,665,0.0,47,0,2020-02-07
安徽省,中国,591,0.0,34,0,2020-02-06
安徽省,中国,530,0.0,23,0,2020-02-05
安徽省,中国,480,0.0,20,0,2020-02-04
安徽省,中国,408,0.0,14,0,2020-02-03
安徽省,中国,340,0.0,7,0,2020-02-02
安徽省,中国,297,0.0,5,0,2020-02-01
安徽省,中国,237,0.0,3,0,2020-01-31
安徽省,中国,200,0.0,2,0,2020-01-30
安徽省,中国,152,0.0,2,0,2020-01-29
安徽省,中国,106,0.0,0,0,2020-01-28
安徽省,中国,70,0.0,0,0,2020-01-27
安徽省,中国,60,0.0,0,0,2020-01-26
安徽省,中国,39,0.0,0,0,2020-01-25
安徽省,中国,15,0.0,0,0,2020-01-24
安徽省,中国,9,0.0,0,0,2020-01-23
安徽省,中国,1,4.0,0,0,2020-01-22
安徽省,中国,0,1.0,0,0,2020-01-21
内蒙古自治区,中国,70,0.0,8,0,2020-02-16
内蒙古自治区,中国,68,0.0,7,0,2020-02-15
内蒙古自治区,中国,65,0.0,6,0,2020-02-14
内蒙古自治区,中国,61,0.0,6,0,2020-02-13
内蒙古自治区,中国,60,0.0,6,0,2020-02-12
内蒙古自治区,中国,58,0.0,5,0,2020-02-10
内蒙古自治区,中国,54,0.0,5,0,2020-02-09
内蒙古自治区,中国,52,0.0,5,0,2020-02-08
内蒙古自治区,中国,50,0.0,5,0,2020-02-07
内蒙古自治区,中国,46,0.0,4,0,2020-02-06
内蒙古自治区,中国,42,0.0,3,0,2020-02-05
内蒙古自治区,中国,35,0.0,1,0,2020-02-04
内蒙古自治区,中国,34,0.0,1,0,2020-02-03
内蒙古自治区,中国,27,0.0,1,0,2020-02-02
内蒙古自治区,中国,23,0.0,1,0,2020-02-01
内蒙古自治区,中国,20,0.0,1,0,2020-01-31
内蒙古自治区,中国,19,0.0,0,0,2020-01-30
内蒙古自治区,中国,16,0.0,0,0,2020-01-29
内蒙古自治区,中国,15,0.0,0,0,2020-01-28
内蒙古自治区,中国,11,0.0,0,0,2020-01-27
内蒙古自治区,中国,7,0.0,0,0,2020-01-26
内蒙古自治区,中国,7,0.0,0,0,2020-01-25
内蒙古自治区,中国,2,0.0,0,0,2020-01-24
内蒙古自治区,中国,0,1.0,0,0,2020-01-23
新疆维吾尔自治区,中国,71,0.0,12,1,2020-02-16
新疆维吾尔自治区,中国,70,0.0,10,1,2020-02-15
新疆维吾尔自治区,中国,65,0.0,6,1,2020-02-14
新疆维吾尔自治区,中国,63,0.0,6,1,2020-02-13
新疆维吾尔自治区,中国,59,0.0,3,0,2020-02-12
新疆维吾尔自治区,中国,55,0.0,3,0,2020-02-11
新疆维吾尔自治区,中国,49,0.0,0,0,2020-02-10
新疆维吾尔自治区,中国,45,0.0,0,0,2020-02-09
新疆维吾尔自治区,中国,42,0.0,0,0,2020-02-08
新疆维吾尔自治区,中国,39,0.0,0,0,2020-02-07
新疆维吾尔自治区,中国,36,0.0,0,0,2020-02-06
新疆维吾尔自治区,中国,32,0.0,0,0,2020-02-05
新疆维吾尔自治区,中国,29,0.0,0,0,2020-02-04
新疆维吾尔自治区,中国,24,0.0,0,0,2020-02-03
新疆维吾尔自治区,中国,21,0.0,0,0,2020-02-02
新疆维吾尔自治区,中国,18,0.0,0,0,2020-02-01
新疆维吾尔自治区,中国,17,0.0,0,0,2020-01-31
新疆维吾尔自治区,中国,14,0.0,0,0,2020-01-30
新疆维吾尔自治区,中国,13,0.0,0,0,2020-01-29
新疆维吾尔自治区,中国,10,0.0,0,0,2020-01-28
新疆维吾尔自治区,中国,5,0.0,0,0,2020-01-27
新疆维吾尔自治区,中国,4,0.0,0,0,2020-01-26
新疆维吾尔自治区,中国,3,0.0,0,0,2020-01-25
新疆维吾尔自治区,中国,2,0.0,0,0,2020-01-23
重庆市,中国,547,0.0,187,5,2020-02-16
重庆市,中国,538,0.0,184,5,2020-02-15
重庆市,中国,537,0.0,152,5,2020-02-14
重庆市,中国,529,0.0,128,4,2020-02-13
重庆市,中国,518,0.0,102,3,2020-02-12
重庆市,中国,505,0.0,79,3,2020-02-11
重庆市,中国,486,0.0,66,2,2020-02-10
重庆市,中国,468,0.0,51,2,2020-02-09
重庆市,中国,428,0.0,39,2,2020-02-08
重庆市,中国,426,0.0,31,2,2020-02-07
重庆市,中国,411,0.0,24,2,2020-02-06
重庆市,中国,389,0.0,15,2,2020-02-05
重庆市,中国,366,0.0,9,2,2020-02-04
重庆市,中国,337,0.0,9,2,2020-02-03
重庆市,中国,275,0.0,7,1,2020-02-02
重庆市,中国,262,0.0,3,1,2020-02-01
重庆市,中国,238,0.0,1,0,2020-01-31
重庆市,中国,206,0.0,1,0,2020-01-30
重庆市,中国,165,0.0,1,0,2020-01-29
重庆市,中国,132,0.0,0,0,2020-01-28
重庆市,中国,110,0.0,0,0,2020-01-27
重庆市,中国,75,0.0,0,0,2020-01-26
重庆市,中国,57,0.0,0,0,2020-01-25
重庆市,中国,27,0.0,0,0,2020-01-24
重庆市,中国,9,0.0,0,0,2020-01-23
重庆市,中国,6,0.0,0,0,2020-01-22
重庆市,中国,5,0.0,0,0,2020-01-21
上海市,中国,328,0.0,140,1,2020-02-16
上海市,中国,326,0.0,124,1,2020-02-15
上海市,中国,318,0.0,90,1,2020-02-14
上海市,中国,318,0.0,62,1,2020-02-13
上海市,中国,311,0.0,57,1,2020-02-12
上海市,中国,303,0.0,52,1,2020-02-11
上海市,中国,299,0.0,48,1,2020-02-10
上海市,中国,293,0.0,44,1,2020-02-09
上海市,中国,286,0.0,41,1,2020-02-08
上海市,中国,281,0.0,30,1,2020-02-07
上海市,中国,257,0.0,25,1,2020-02-06
上海市,中国,243,0.0,15,1,2020-02-05
上海市,中国,219,0.0,12,1,2020-02-04
上海市,中国,203,0.0,10,1,2020-02-03
上海市,中国,182,0.0,10,1,2020-02-02
上海市,中国,169,0.0,10,1,2020-02-01
上海市,中国,153,0.0,9,1,2020-01-31
上海市,中国,128,0.0,5,1,2020-01-30
上海市,中国,96,0.0,5,1,2020-01-29
上海市,中国,66,0.0,4,1,2020-01-28
上海市,中国,53,0.0,3,1,2020-01-27
上海市,中国,40,0.0,1,1,2020-01-26
上海市,中国,33,0.0,1,0,2020-01-25
上海市,中国,20,0.0,1,0,2020-01-24
上海市,中国,16,0.0,0,0,2020-01-23
上海市,中国,9,10.0,0,0,2020-01-22
上海市,中国,6,3.0,0,0,2020-01-21
宁夏回族自治区,中国,70,0.0,33,0,2020-02-15
宁夏回族自治区,中国,67,0.0,24,0,2020-02-14
宁夏回族自治区,中国,64,0.0,24,0,2020-02-13
宁夏回族自治区,中国,58,0.0,24,0,2020-02-12
宁夏回族自治区,中国,53,0.0,22,0,2020-02-11
宁夏回族自治区,中国,49,0.0,13,0,2020-02-10
宁夏回族自治区,中国,45,0.0,13,0,2020-02-09
宁夏回族自治区,中国,45,0.0,15,0,2020-02-08
宁夏回族自治区,中国,43,0.0,5,0,2020-02-07
宁夏回族自治区,中国,40,0.0,1,0,2020-02-06
宁夏回族自治区,中国,34,0.0,1,0,2020-02-04
宁夏回族自治区,中国,31,0.0,1,0,2020-02-03
宁夏回族自治区,中国,28,0.0,0,0,2020-02-02
宁夏回族自治区,中国,26,0.0,0,0,2020-02-01
宁夏回族自治区,中国,21,0.0,0,0,2020-01-31
宁夏回族自治区,中国,17,0.0,0,0,2020-01-30
宁夏回族自治区,中国,12,0.0,0,0,2020-01-29
宁夏回族自治区,中国,11,0.0,0,0,2020-01-28
宁夏回族自治区,中国,7,0.0,0,0,2020-01-27
宁夏回族自治区,中国,4,0.0,0,0,2020-01-26
宁夏回族自治区,中国,3,0.0,0,0,2020-01-25
宁夏回族自治区,中国,2,0.0,0,0,2020-01-24
宁夏回族自治区,中国,1,0.0,0,0,2020-01-23
宁夏回族自治区,中国,1,0.0,0,0,2020-01-22
宁夏回族自治区,中国,0,1.0,0,0,2020-01-21
青海省,中国,18,0.0,13,0,2020-02-15
青海省,中国,18,0.0,11,0,2020-02-13
青海省,中国,18,0.0,9,0,2020-02-12
青海省,中国,18,0.0,5,0,2020-02-11
青海省,中国,18,0.0,3,0,2020-02-06
青海省,中国,17,0.0,3,0,2020-02-05
青海省,中国,15,0.0,0,0,2020-02-04
青海省,中国,13,0.0,0,0,2020-02-03
青海省,中国,11,0.0,0,0,2020-02-02
青海省,中国,9,0.0,0,0,2020-02-01
青海省,中国,8,0.0,0,0,2020-01-31
青海省,中国,8,0.0,0,0,2020-01-30
青海省,中国,6,0.0,0,0,2020-01-27
青海省,中国,1,0.0,0,0,2020-01-25
青海省,中国,0,1.0,0,0,2020-01-24
西藏自治区,中国,1,0.0,1,0,2020-02-12
西藏自治区,中国,1,0.0,0,0,2020-02-04
西藏自治区,中国,1,0.0,0,0,2020-02-02
西藏自治区,中国,1,0.0,0,0,2020-01-29
